side,entry_p,sl,tp,lot,cb,cs,pt,time,pnl,exit
BUY,1.38682,1.3865653571428571,1.3885417118134724,1.0,8,0,True,2026-01-08 13:00:00,-2.546428571428283,SL
